               epoch,      train/box_loss,      train/obj_loss,      train/cls_loss,   metrics/precision,      metrics/recall,     metrics/mAP_0.5,metrics/mAP_0.5:0.95,        val/box_loss,        val/obj_loss,        val/cls_loss,               x/lr0,               x/lr1,               x/lr2
                   0,             0.08352,            0.029964,            0.052192,            0.002351,             0.63148,            0.012499,           0.0038833,            0.049626,            0.013994,            0.033114,              0.0829,              0.0019,              0.0019
                   1,             0.06662,            0.028769,            0.048984,           0.0033924,             0.89787,            0.087438,            0.043918,            0.039077,              0.0102,            0.027724,            0.064887,           0.0038872,           0.0038872
                   2,             0.06329,            0.026094,            0.050635,             0.20244,              0.3142,             0.18195,            0.053004,            0.038305,           0.0094235,            0.022809,            0.046861,           0.0058612,           0.0058612
                   3,            0.053369,            0.023043,            0.038546,             0.24568,             0.21374,             0.18015,            0.098614,            0.038685,           0.0069857,            0.020998,            0.028822,            0.007822,            0.007822
                   4,            0.055235,             0.02122,            0.040413,             0.32712,             0.19096,              0.1583,            0.073106,            0.036956,           0.0067921,            0.018746,             0.01077,           0.0097698,           0.0097698
                   5,            0.047717,            0.019499,            0.037966,             0.59632,             0.23845,             0.16622,            0.079319,            0.037443,            0.010799,             0.01824,           0.0098355,           0.0098355,           0.0098355
                   6,            0.049947,            0.021734,            0.036889,             0.45049,             0.14566,             0.15469,            0.060823,            0.033548,           0.0071469,            0.018503,           0.0098355,           0.0098355,           0.0098355
                   7,            0.043732,             0.01922,            0.040046,             0.32521,             0.24796,             0.19581,            0.080469,            0.032943,           0.0061321,            0.018918,           0.0098027,           0.0098027,           0.0098027
                   8,            0.043352,            0.019838,            0.033054,             0.32658,             0.21354,             0.20206,            0.078749,            0.032206,           0.0069151,            0.016464,           0.0097698,           0.0097698,           0.0097698
                   9,            0.053455,            0.021322,            0.037197,              0.4326,             0.16691,             0.20869,            0.097281,            0.029653,           0.0067649,            0.017766,           0.0097369,           0.0097369,           0.0097369
                  10,            0.043333,            0.020844,            0.034302,             0.21676,             0.18268,             0.15545,            0.068287,            0.033669,           0.0072555,            0.018867,            0.009704,            0.009704,            0.009704
                  11,            0.045757,            0.019195,            0.033334,             0.43411,             0.14716,             0.22687,             0.12268,            0.034118,           0.0066211,            0.017546,           0.0096711,           0.0096711,           0.0096711
                  12,            0.039421,            0.020157,            0.031673,             0.40141,             0.19488,             0.22094,             0.10261,            0.035461,           0.0061341,            0.018388,           0.0096382,           0.0096382,           0.0096382
                  13,            0.046355,            0.018982,            0.028578,             0.36882,             0.22813,             0.24772,            0.084105,            0.034951,           0.0061708,            0.016781,           0.0096053,           0.0096053,           0.0096053
                  14,            0.045367,            0.020844,            0.027816,             0.30225,             0.24636,             0.34889,             0.18066,            0.032933,           0.0062876,            0.015787,           0.0095724,           0.0095724,           0.0095724
                  15,            0.043867,            0.019545,            0.027716,             0.29764,             0.39745,             0.36735,             0.16464,             0.03044,           0.0059244,            0.013959,           0.0095395,           0.0095395,           0.0095395
                  16,            0.042052,            0.018206,            0.028756,             0.27403,             0.27221,             0.22542,             0.07021,            0.030737,           0.0057497,            0.015182,           0.0095066,           0.0095066,           0.0095066
                  17,            0.038971,            0.018749,             0.02506,             0.21974,             0.34764,             0.29223,             0.14972,            0.031813,           0.0060526,            0.015083,           0.0094738,           0.0094738,           0.0094738
                  18,            0.036614,            0.017949,            0.034577,             0.36988,             0.23369,               0.273,            0.086289,            0.030793,            0.006125,             0.01517,           0.0094409,           0.0094409,           0.0094409
                  19,             0.03925,            0.019047,            0.028029,             0.22881,             0.35416,             0.33528,             0.15962,            0.030492,           0.0065656,            0.014062,            0.009408,            0.009408,            0.009408
                  20,            0.036531,            0.018609,            0.033917,             0.30337,             0.30014,             0.33035,             0.12531,            0.031141,           0.0063821,             0.01524,           0.0093751,           0.0093751,           0.0093751
                  21,            0.035263,            0.018418,            0.025469,             0.29949,             0.37561,             0.33758,             0.15684,            0.027703,           0.0059457,            0.015083,           0.0093422,           0.0093422,           0.0093422
                  22,            0.033555,            0.018877,            0.026581,             0.33626,             0.36709,             0.42176,             0.19464,            0.029805,           0.0051876,            0.013779,           0.0093093,           0.0093093,           0.0093093
                  23,            0.037673,            0.018459,            0.022062,             0.31444,             0.52218,             0.42584,             0.19795,            0.028581,           0.0055529,            0.012897,           0.0092764,           0.0092764,           0.0092764
                  24,            0.042651,            0.017713,            0.019963,             0.44376,             0.58398,             0.50756,             0.27572,            0.025688,           0.0053394,            0.011826,           0.0092435,           0.0092435,           0.0092435
                  25,            0.043351,             0.01953,             0.02154,             0.38118,             0.57254,             0.49864,             0.24335,            0.031627,           0.0053532,           0.0093408,           0.0092106,           0.0092106,           0.0092106
                  26,            0.034949,            0.017177,            0.026444,             0.46719,             0.54841,             0.49698,             0.19293,            0.033514,           0.0055629,           0.0097238,           0.0091777,           0.0091777,           0.0091777
                  27,            0.044589,            0.017862,            0.026018,             0.46186,             0.59499,             0.51767,             0.27252,            0.032699,           0.0054007,            0.009264,           0.0091449,           0.0091449,           0.0091449
                  28,             0.04182,            0.018158,             0.01918,             0.37824,             0.53735,             0.49895,             0.26533,            0.030156,           0.0057672,            0.010937,            0.009112,            0.009112,            0.009112
                  29,            0.039598,            0.017073,            0.022269,             0.50817,             0.67432,             0.56076,             0.32361,            0.026343,           0.0053049,            0.010645,           0.0090791,           0.0090791,           0.0090791
                  30,             0.03461,            0.018078,            0.020298,             0.37013,             0.48431,             0.50352,             0.24201,            0.027282,           0.0054579,            0.014624,           0.0090462,           0.0090462,           0.0090462
                  31,            0.040806,            0.019278,            0.018669,             0.40189,             0.47693,             0.49282,             0.21835,            0.027018,            0.005627,            0.011397,           0.0090133,           0.0090133,           0.0090133
                  32,            0.039777,            0.017815,             0.02194,             0.38331,             0.44067,             0.30459,             0.15229,            0.028018,            0.006006,             0.02221,           0.0089804,           0.0089804,           0.0089804
                  33,            0.037489,            0.017818,            0.016974,              0.3526,             0.61516,             0.44477,             0.20946,            0.027406,           0.0054658,            0.015689,           0.0089475,           0.0089475,           0.0089475
                  34,             0.03687,            0.017954,            0.021191,             0.41897,             0.59557,             0.51385,             0.27619,            0.026091,           0.0052756,            0.011825,           0.0089146,           0.0089146,           0.0089146
                  35,            0.033957,            0.017295,            0.018647,             0.43265,             0.48227,             0.55825,             0.28556,            0.027839,           0.0059302,            0.010599,           0.0088817,           0.0088817,           0.0088817
                  36,            0.034775,            0.017633,            0.017063,             0.42454,             0.58828,             0.56678,             0.28153,            0.028892,            0.005701,           0.0094394,           0.0088488,           0.0088488,           0.0088488
                  37,            0.030468,            0.017545,            0.021837,             0.51197,             0.58601,             0.64311,             0.32352,            0.025541,           0.0051518,           0.0074772,           0.0088159,           0.0088159,           0.0088159
                  38,            0.033553,            0.017759,             0.01927,             0.37522,             0.60178,             0.49921,             0.26927,            0.024192,           0.0053363,            0.010944,           0.0087831,           0.0087831,           0.0087831
                  39,            0.033236,            0.016353,            0.019142,             0.44988,             0.64828,             0.56704,             0.27596,            0.026242,           0.0052411,            0.010134,           0.0087502,           0.0087502,           0.0087502
                  40,            0.035696,            0.016409,            0.019842,             0.53915,             0.65266,             0.67631,             0.38119,             0.02441,           0.0049002,           0.0070388,           0.0087173,           0.0087173,           0.0087173
                  41,            0.040719,            0.016753,            0.015272,             0.51952,             0.70698,             0.66208,             0.33199,            0.025847,           0.0047707,           0.0077759,           0.0086844,           0.0086844,           0.0086844
                  42,            0.032966,            0.017272,            0.017279,             0.49874,             0.65555,             0.62208,              0.3121,            0.024983,           0.0050502,            0.010313,           0.0086515,           0.0086515,           0.0086515
                  43,            0.037584,              0.0177,              0.0188,              0.4876,             0.71373,             0.67159,             0.34978,            0.022574,           0.0054791,           0.0068134,           0.0086186,           0.0086186,           0.0086186
                  44,            0.033903,            0.017075,            0.013493,              0.6088,             0.69797,             0.65181,             0.36994,            0.023261,           0.0052447,           0.0068961,           0.0085857,           0.0085857,           0.0085857
                  45,            0.032666,            0.017719,            0.015219,             0.61262,             0.72367,             0.69389,             0.38609,            0.024655,           0.0052167,           0.0069981,           0.0085528,           0.0085528,           0.0085528
                  46,            0.029788,            0.016903,            0.012675,             0.63363,             0.64758,              0.7042,             0.39486,            0.025686,           0.0053202,           0.0059912,           0.0085199,           0.0085199,           0.0085199
                  47,            0.042458,            0.017491,            0.015633,             0.55185,             0.71411,              0.7048,             0.38259,            0.023841,           0.0053131,           0.0061909,            0.008487,            0.008487,            0.008487
                  48,            0.034415,            0.017401,            0.019904,             0.51883,              0.7633,             0.70075,             0.39373,            0.023204,           0.0051497,           0.0075788,           0.0084542,           0.0084542,           0.0084542
                  49,            0.026947,            0.017008,            0.018123,             0.50337,             0.60091,             0.64913,             0.34287,            0.022716,           0.0052484,           0.0099736,           0.0084213,           0.0084213,           0.0084213
                  50,            0.034627,            0.017313,            0.018327,             0.43919,             0.67357,             0.56858,             0.34282,            0.023112,           0.0050795,            0.012553,           0.0083884,           0.0083884,           0.0083884
                  51,            0.035698,            0.017746,            0.014444,             0.51606,             0.66148,             0.60198,              0.3309,            0.023618,           0.0052747,           0.0066025,           0.0083555,           0.0083555,           0.0083555
                  52,            0.035012,             0.01795,            0.017012,             0.45301,             0.66425,             0.59017,              0.3154,            0.026083,           0.0052231,           0.0065521,           0.0083226,           0.0083226,           0.0083226
                  53,            0.028291,            0.016351,            0.014094,             0.45032,             0.64142,             0.65316,              0.3728,            0.019844,           0.0053234,           0.0072726,           0.0082897,           0.0082897,           0.0082897
                  54,            0.032836,             0.01672,            0.012516,             0.48358,             0.80152,             0.70178,             0.40422,            0.021527,           0.0048527,           0.0069614,           0.0082568,           0.0082568,           0.0082568
                  55,            0.029442,            0.016534,            0.012131,             0.58602,             0.69903,             0.71551,             0.38057,            0.023148,            0.004889,           0.0056139,           0.0082239,           0.0082239,           0.0082239
                  56,            0.034174,            0.015893,            0.015644,             0.60881,             0.73956,             0.75136,             0.36171,            0.023936,           0.0048959,           0.0058014,            0.008191,            0.008191,            0.008191
                  57,            0.030989,            0.015499,            0.015146,             0.54169,             0.61564,             0.65908,             0.38504,            0.024077,           0.0051828,           0.0075349,           0.0081581,           0.0081581,           0.0081581
                  58,            0.033086,            0.017241,            0.015867,             0.61268,             0.67247,             0.71578,              0.3727,            0.022803,           0.0052485,           0.0064871,           0.0081252,           0.0081252,           0.0081252
                  59,            0.031001,            0.015848,            0.013205,             0.52298,             0.68176,             0.68765,             0.38975,            0.022415,           0.0052519,           0.0065795,           0.0080924,           0.0080924,           0.0080924
                  60,            0.026642,            0.017085,            0.015607,             0.56726,             0.65893,             0.68886,             0.39527,            0.021445,           0.0053724,           0.0075456,           0.0080595,           0.0080595,           0.0080595
                  61,            0.030837,            0.016432,            0.014986,             0.60523,             0.67365,             0.69381,             0.39273,            0.024081,           0.0051094,           0.0074873,           0.0080266,           0.0080266,           0.0080266
                  62,            0.030263,             0.01549,            0.014583,             0.69736,             0.68396,             0.75738,             0.43553,            0.022152,           0.0049162,            0.004884,           0.0079937,           0.0079937,           0.0079937
                  63,            0.029324,            0.017491,            0.012961,             0.66939,             0.73842,             0.74749,             0.42519,            0.021872,           0.0050427,           0.0047595,           0.0079608,           0.0079608,           0.0079608
                  64,            0.031392,            0.015595,            0.013491,             0.56045,             0.65734,               0.676,             0.37533,            0.027296,           0.0054164,           0.0059378,           0.0079279,           0.0079279,           0.0079279
                  65,            0.033726,            0.015585,            0.012893,             0.62991,             0.64913,             0.69882,             0.40582,            0.028526,           0.0053562,           0.0069174,            0.007895,            0.007895,            0.007895
                  66,            0.027222,            0.015155,            0.013066,             0.64656,              0.7474,             0.76267,             0.43914,            0.021152,           0.0048278,           0.0049915,           0.0078621,           0.0078621,           0.0078621
                  67,            0.036276,             0.01703,            0.012794,              0.5316,             0.70289,              0.6914,             0.43866,            0.022538,           0.0046706,           0.0060469,           0.0078292,           0.0078292,           0.0078292
                  68,            0.027672,            0.016015,            0.011895,             0.60385,             0.71441,             0.73471,             0.42371,             0.02316,           0.0046042,           0.0057928,           0.0077963,           0.0077963,           0.0077963
                  69,            0.031391,            0.016494,             0.01146,             0.63655,              0.7212,             0.71789,             0.45867,            0.024666,           0.0047666,           0.0060632,           0.0077635,           0.0077635,           0.0077635
                  70,            0.031264,            0.017547,              0.0113,             0.62104,             0.78366,             0.78935,             0.43567,            0.023783,           0.0045903,           0.0048105,           0.0077306,           0.0077306,           0.0077306
                  71,            0.035438,            0.016704,            0.010831,             0.66447,              0.7026,             0.75399,             0.44892,            0.023364,           0.0045648,           0.0049011,           0.0076977,           0.0076977,           0.0076977
                  72,            0.029244,             0.01463,            0.016203,              0.6161,              0.7717,             0.77575,             0.45405,            0.023476,           0.0048258,           0.0049875,           0.0076648,           0.0076648,           0.0076648
                  73,            0.032212,            0.015093,            0.014937,             0.62648,             0.72416,             0.75096,             0.46155,            0.022292,           0.0046315,           0.0047947,           0.0076319,           0.0076319,           0.0076319
                  74,            0.029049,            0.014689,            0.010643,             0.73687,             0.63741,             0.76206,             0.42472,            0.022751,           0.0051259,           0.0085103,            0.007599,            0.007599,            0.007599
                  75,            0.029924,            0.015682,            0.013867,             0.58959,              0.7125,              0.7009,             0.39681,            0.021944,           0.0051003,           0.0090061,           0.0075661,           0.0075661,           0.0075661
                  76,            0.034685,            0.016928,            0.013436,             0.70894,             0.81722,             0.79116,             0.45763,            0.022176,           0.0047615,           0.0039768,           0.0075332,           0.0075332,           0.0075332
                  77,            0.033516,            0.016558,            0.013483,             0.75518,             0.84026,             0.80787,             0.49381,            0.023265,           0.0047258,           0.0042477,           0.0075003,           0.0075003,           0.0075003
                  78,            0.031717,            0.015535,            0.015692,             0.74706,             0.68322,             0.76008,             0.41283,            0.024396,           0.0049352,           0.0053798,           0.0074674,           0.0074674,           0.0074674
                  79,            0.030238,            0.015459,            0.011097,             0.68543,             0.72805,               0.784,             0.44782,            0.023096,           0.0048379,           0.0053617,           0.0074346,           0.0074346,           0.0074346
                  80,            0.029179,            0.015216,            0.010048,             0.66461,             0.69638,             0.77732,             0.44457,            0.021713,           0.0048075,           0.0046672,           0.0074017,           0.0074017,           0.0074017
                  81,            0.026278,            0.016284,             0.01329,             0.70123,             0.79137,             0.82057,             0.46338,            0.021666,           0.0048714,           0.0044377,           0.0073688,           0.0073688,           0.0073688
                  82,            0.028891,            0.016725,            0.010431,             0.68845,             0.80599,             0.79935,              0.4953,            0.023892,           0.0048189,           0.0036176,           0.0073359,           0.0073359,           0.0073359
                  83,            0.026725,            0.014751,           0.0099476,             0.62935,             0.77639,             0.78276,             0.46882,            0.023473,           0.0051339,           0.0044017,            0.007303,            0.007303,            0.007303
                  84,            0.026374,            0.014456,            0.011733,             0.70951,             0.78869,             0.80352,               0.486,            0.022459,           0.0048237,           0.0041075,           0.0072701,           0.0072701,           0.0072701
                  85,            0.031668,            0.016571,            0.010485,             0.67393,             0.80596,             0.81731,             0.50146,            0.020294,           0.0048205,           0.0037698,           0.0072372,           0.0072372,           0.0072372
                  86,            0.028242,            0.015134,             0.01362,             0.69392,             0.71838,             0.78371,             0.45511,            0.021542,           0.0049742,           0.0044666,           0.0072043,           0.0072043,           0.0072043
                  87,            0.027871,             0.01511,            0.014365,             0.64505,             0.77587,             0.79578,             0.48602,            0.021254,            0.004808,           0.0053826,           0.0071714,           0.0071714,           0.0071714
                  88,            0.025265,            0.015988,            0.012414,             0.68565,             0.81698,              0.8192,             0.49624,            0.021299,           0.0047914,           0.0044485,           0.0071385,           0.0071385,           0.0071385
                  89,            0.030536,             0.01533,             0.01265,             0.67365,             0.68776,             0.73081,             0.40915,            0.022545,            0.005233,             0.00541,           0.0071056,           0.0071056,           0.0071056
                  90,             0.02748,            0.014949,            0.014445,             0.72096,             0.74105,             0.76562,             0.46515,            0.022566,           0.0048816,           0.0060598,           0.0070728,           0.0070728,           0.0070728
                  91,            0.025621,            0.015184,            0.010703,             0.67229,             0.65611,              0.7224,             0.41443,            0.023421,           0.0052573,           0.0061466,           0.0070399,           0.0070399,           0.0070399
                  92,            0.030958,            0.016442,            0.014356,             0.64439,             0.59991,             0.66933,             0.34501,            0.023599,           0.0054919,            0.006574,            0.007007,            0.007007,            0.007007
                  93,            0.029068,            0.016375,            0.015759,             0.70637,             0.71093,             0.74137,             0.39571,            0.023128,           0.0051497,           0.0043361,           0.0069741,           0.0069741,           0.0069741
                  94,            0.029755,              0.0161,            0.011615,             0.68679,             0.75575,             0.77629,             0.46421,            0.020677,           0.0047809,           0.0043874,           0.0069412,           0.0069412,           0.0069412
                  95,            0.027451,            0.014548,            0.010049,             0.63588,             0.69051,             0.76222,              0.4492,            0.021917,           0.0050744,           0.0046915,           0.0069083,           0.0069083,           0.0069083
                  96,            0.034634,            0.016662,            0.012683,             0.69755,             0.72148,             0.75974,             0.43177,            0.021834,           0.0049388,           0.0045579,           0.0068754,           0.0068754,           0.0068754
                  97,             0.02842,            0.014691,            0.011222,             0.74246,             0.76913,             0.78101,             0.45607,            0.023511,            0.004916,            0.005382,           0.0068425,           0.0068425,           0.0068425
                  98,            0.029488,            0.016213,            0.010132,              0.7659,             0.75193,             0.78845,             0.46305,            0.023776,           0.0048272,           0.0052091,           0.0068096,           0.0068096,           0.0068096
                  99,            0.031531,            0.016571,            0.012097,             0.69755,             0.80645,             0.82029,             0.45565,            0.022183,           0.0047064,           0.0038043,           0.0067767,           0.0067767,           0.0067767
                 100,            0.027205,            0.015038,            0.011907,             0.63704,             0.82415,             0.79624,             0.48742,            0.020575,           0.0046306,           0.0047656,           0.0067439,           0.0067439,           0.0067439
                 101,            0.024894,            0.015127,            0.013053,             0.72444,             0.74789,             0.80464,             0.50748,            0.021608,           0.0046872,           0.0034893,            0.006711,            0.006711,            0.006711
                 102,            0.026728,            0.015089,           0.0092023,             0.68667,             0.76012,             0.76261,             0.47418,            0.021243,           0.0048512,           0.0045115,           0.0066781,           0.0066781,           0.0066781
                 103,            0.025091,            0.014896,           0.0094576,             0.67448,             0.74515,             0.77264,             0.47437,            0.022433,           0.0045445,           0.0051473,           0.0066452,           0.0066452,           0.0066452
                 104,            0.025485,            0.015444,            0.010852,             0.68869,             0.70675,             0.77278,              0.4841,            0.021743,           0.0047277,           0.0041555,           0.0066123,           0.0066123,           0.0066123
                 105,            0.029408,            0.014475,           0.0091186,             0.75987,             0.69634,             0.75413,             0.46693,            0.022341,           0.0045566,           0.0043043,           0.0065794,           0.0065794,           0.0065794
                 106,            0.028586,            0.014371,            0.007857,             0.75214,             0.75907,             0.80903,             0.46234,            0.021751,           0.0047255,           0.0036685,           0.0065465,           0.0065465,           0.0065465
                 107,            0.026164,            0.016227,           0.0082654,             0.76105,             0.86111,             0.81901,             0.51665,             0.01981,            0.004652,           0.0039481,           0.0065136,           0.0065136,           0.0065136
                 108,            0.026893,             0.01547,            0.007705,              0.7985,              0.8193,               0.824,             0.48478,            0.022024,           0.0046596,           0.0035733,           0.0064807,           0.0064807,           0.0064807
                 109,            0.031314,            0.014883,           0.0095402,              0.7117,             0.81242,             0.82219,             0.50566,            0.020291,           0.0046061,           0.0040094,           0.0064478,           0.0064478,           0.0064478
                 110,            0.021952,            0.014113,           0.0076045,             0.68602,             0.87504,             0.82963,             0.50247,            0.021267,           0.0045485,           0.0039517,            0.006415,            0.006415,            0.006415
                 111,            0.027794,            0.014467,            0.010435,             0.69588,             0.87564,             0.83338,             0.52027,            0.021586,           0.0046691,           0.0036279,           0.0063821,           0.0063821,           0.0063821
                 112,            0.023704,            0.013387,           0.0099693,             0.70913,             0.79083,             0.79881,             0.46939,            0.021438,           0.0048701,           0.0040669,           0.0063492,           0.0063492,           0.0063492
                 113,            0.021426,            0.014703,           0.0067438,             0.76527,             0.83428,             0.84649,             0.56629,            0.018996,           0.0044301,           0.0030829,           0.0063163,           0.0063163,           0.0063163
                 114,             0.02674,            0.014044,           0.0073318,             0.71807,             0.84866,              0.8325,             0.55981,            0.020333,           0.0046092,           0.0035074,           0.0062834,           0.0062834,           0.0062834
                 115,             0.02699,            0.014629,           0.0079815,             0.79895,             0.78154,               0.838,             0.54147,            0.021079,           0.0046932,            0.003533,           0.0062505,           0.0062505,           0.0062505
                 116,            0.026829,             0.01398,           0.0093318,             0.72604,             0.81266,             0.81796,             0.49872,            0.021614,           0.0047731,           0.0036151,           0.0062176,           0.0062176,           0.0062176
                 117,            0.027057,            0.014395,           0.0082216,             0.72676,             0.84746,             0.83792,              0.5221,            0.021298,           0.0045444,           0.0037485,           0.0061847,           0.0061847,           0.0061847
                 118,            0.023509,            0.014416,           0.0081746,             0.79872,             0.84843,             0.87055,             0.55426,            0.023859,           0.0046527,           0.0030165,           0.0061518,           0.0061518,           0.0061518
                 119,            0.023826,            0.014517,           0.0082539,             0.78994,             0.80745,             0.86706,             0.53585,            0.021638,           0.0048833,           0.0032896,           0.0061189,           0.0061189,           0.0061189
                 120,             0.02457,            0.013962,           0.0079272,             0.79174,              0.8702,             0.87087,             0.57174,            0.021226,           0.0047799,           0.0033993,            0.006086,            0.006086,            0.006086
                 121,            0.025505,            0.014024,           0.0083144,             0.81142,             0.86814,             0.86911,             0.54977,            0.020966,           0.0047122,           0.0032112,           0.0060532,           0.0060532,           0.0060532
                 122,            0.025128,            0.014587,           0.0077918,              0.8313,             0.85459,             0.88135,             0.53475,             0.02173,           0.0047332,           0.0031136,           0.0060203,           0.0060203,           0.0060203
                 123,            0.027776,            0.015012,            0.011773,             0.82121,             0.85402,             0.85922,              0.5209,            0.020741,           0.0047357,           0.0039071,           0.0059874,           0.0059874,           0.0059874
                 124,            0.025336,            0.014841,           0.0081637,             0.73935,             0.87439,             0.82893,             0.51014,            0.018783,           0.0046451,            0.005116,           0.0059545,           0.0059545,           0.0059545
                 125,            0.029166,            0.014513,           0.0090249,             0.77163,             0.87282,             0.87538,             0.54067,            0.021443,           0.0047124,           0.0032789,           0.0059216,           0.0059216,           0.0059216
                 126,            0.026913,            0.013981,           0.0078497,             0.74968,             0.86278,             0.86578,             0.55403,            0.021411,           0.0048854,            0.002876,           0.0058887,           0.0058887,           0.0058887
                 127,            0.031123,            0.014642,           0.0084956,             0.70598,              0.7654,             0.78727,             0.47952,             0.02136,           0.0052792,           0.0042579,           0.0058558,           0.0058558,           0.0058558
                 128,            0.025614,            0.014943,           0.0057259,              0.7581,             0.81215,             0.81859,             0.50447,            0.020277,           0.0050812,           0.0044274,           0.0058229,           0.0058229,           0.0058229
                 129,             0.02216,            0.013804,           0.0063443,              0.7803,              0.8129,             0.81936,             0.51266,            0.020473,           0.0050885,           0.0040177,             0.00579,             0.00579,             0.00579
                 130,            0.023478,            0.014621,            0.010013,             0.80215,             0.81062,             0.83827,             0.53683,            0.019737,           0.0049684,           0.0038027,           0.0057571,           0.0057571,           0.0057571
                 131,            0.022752,            0.014681,           0.0067986,             0.80424,             0.78752,             0.82592,              0.5488,            0.019693,           0.0049201,           0.0032991,           0.0057243,           0.0057243,           0.0057243
                 132,            0.024551,            0.013302,           0.0091827,             0.78484,             0.86243,             0.86121,             0.55303,            0.021057,           0.0047958,           0.0032867,           0.0056914,           0.0056914,           0.0056914
                 133,            0.025879,            0.013899,           0.0081407,             0.77214,             0.78468,             0.80857,             0.51103,             0.02119,           0.0049801,           0.0033871,           0.0056585,           0.0056585,           0.0056585
                 134,            0.026047,            0.013724,           0.0087543,             0.74628,             0.80583,             0.82258,             0.53616,            0.020463,           0.0047371,           0.0036188,           0.0056256,           0.0056256,           0.0056256
                 135,            0.025244,            0.013726,           0.0069688,             0.73376,             0.83345,              0.8218,             0.54638,            0.019271,           0.0046263,           0.0039966,           0.0055927,           0.0055927,           0.0055927
                 136,            0.027169,            0.014011,            0.011208,             0.75563,             0.73891,             0.80909,             0.51975,            0.020642,           0.0047874,           0.0036704,           0.0055598,           0.0055598,           0.0055598
                 137,             0.02367,            0.013123,            0.008223,             0.77846,             0.79893,             0.83501,             0.53944,            0.022316,           0.0047051,           0.0035325,           0.0055269,           0.0055269,           0.0055269
                 138,            0.027987,             0.01565,           0.0060356,             0.89334,             0.73544,              0.8621,             0.55549,            0.021422,           0.0046626,           0.0028352,            0.005494,            0.005494,            0.005494
                 139,            0.025041,            0.013923,           0.0075672,             0.82418,             0.81393,             0.87997,              0.5749,            0.019145,           0.0046626,           0.0025644,           0.0054611,           0.0054611,           0.0054611
                 140,            0.025333,            0.014518,           0.0073141,             0.78626,             0.83282,             0.87378,             0.55813,            0.019992,           0.0049603,           0.0027827,           0.0054282,           0.0054282,           0.0054282
                 141,            0.027683,            0.015438,           0.0080945,             0.79511,             0.84327,             0.87332,             0.55816,            0.020323,           0.0048552,           0.0030982,           0.0053953,           0.0053953,           0.0053953
                 142,            0.024212,            0.013512,           0.0077302,             0.81337,             0.84616,             0.85712,             0.56257,            0.020508,           0.0047642,           0.0029261,           0.0053625,           0.0053625,           0.0053625
                 143,             0.02293,            0.013587,           0.0077324,             0.80924,             0.84759,             0.84581,             0.56324,            0.018982,           0.0046954,           0.0027815,           0.0053296,           0.0053296,           0.0053296
                 144,            0.024821,            0.013173,           0.0067741,             0.78314,             0.79605,             0.84264,              0.5484,            0.018722,           0.0047229,           0.0040416,           0.0052967,           0.0052967,           0.0052967
                 145,            0.023471,            0.013083,           0.0071244,             0.78835,             0.81382,             0.86513,             0.54774,            0.018702,           0.0047149,           0.0041529,           0.0052638,           0.0052638,           0.0052638
                 146,            0.021451,            0.013609,           0.0070701,             0.83165,             0.84627,             0.87074,             0.55772,            0.019052,           0.0046286,           0.0024008,           0.0052309,           0.0052309,           0.0052309
                 147,            0.021101,            0.012927,           0.0078774,             0.78296,             0.85839,             0.88168,             0.58692,            0.017798,           0.0046469,           0.0025196,            0.005198,            0.005198,            0.005198
                 148,            0.022627,            0.014179,           0.0062235,              0.8187,             0.83305,             0.86705,             0.56916,              0.0184,           0.0045046,           0.0030619,           0.0051651,           0.0051651,           0.0051651
                 149,             0.02367,            0.013651,           0.0081499,              0.8046,             0.89648,             0.86297,             0.55763,            0.019647,           0.0045648,           0.0031848,           0.0051322,           0.0051322,           0.0051322
                 150,            0.023009,            0.012842,           0.0086243,              0.7741,             0.79759,             0.84631,             0.51738,            0.020021,           0.0049186,           0.0032713,           0.0050993,           0.0050993,           0.0050993
                 151,            0.024417,            0.013537,           0.0064014,             0.78862,             0.79418,             0.83457,             0.51686,            0.020214,            0.004805,           0.0027794,           0.0050664,           0.0050664,           0.0050664
                 152,             0.02449,            0.013902,           0.0073971,             0.81642,             0.83905,             0.83715,             0.55305,            0.020876,           0.0049219,            0.002711,           0.0050336,           0.0050336,           0.0050336
                 153,            0.023645,            0.012836,           0.0091899,             0.90925,             0.81472,             0.86071,             0.57449,            0.020801,           0.0048989,           0.0021506,           0.0050007,           0.0050007,           0.0050007
                 154,            0.025631,            0.014207,           0.0066948,             0.80513,             0.79547,             0.84047,             0.52351,            0.019552,           0.0049562,            0.002569,           0.0049678,           0.0049678,           0.0049678
                 155,             0.02786,            0.014468,           0.0061762,              0.7861,             0.79853,              0.8379,              0.5537,            0.021999,           0.0046827,           0.0027974,           0.0049349,           0.0049349,           0.0049349
                 156,            0.022808,            0.012905,           0.0071164,             0.76207,             0.80283,             0.83294,             0.54478,            0.021857,           0.0047328,           0.0033054,            0.004902,            0.004902,            0.004902
                 157,            0.026182,            0.013791,           0.0062453,             0.81769,             0.81221,             0.86374,             0.56738,            0.020292,           0.0046799,           0.0032575,           0.0048691,           0.0048691,           0.0048691
                 158,            0.023676,            0.013504,           0.0075945,             0.76605,             0.80577,             0.83865,             0.55643,            0.020625,           0.0046323,           0.0033508,           0.0048362,           0.0048362,           0.0048362
                 159,            0.024034,            0.014013,           0.0084118,             0.81528,             0.80845,             0.84748,             0.56915,            0.019079,           0.0046491,           0.0024021,           0.0048033,           0.0048033,           0.0048033
                 160,            0.021118,            0.012789,           0.0073998,             0.85866,              0.7892,             0.86613,             0.57846,            0.020354,           0.0045777,           0.0024623,           0.0047704,           0.0047704,           0.0047704
                 161,             0.02402,            0.012291,           0.0076129,             0.82328,             0.78339,             0.83701,             0.53754,            0.020888,           0.0046361,           0.0029471,           0.0047375,           0.0047375,           0.0047375
                 162,            0.025105,            0.013166,            0.007189,             0.72583,             0.78514,             0.79784,             0.47029,            0.020063,           0.0053866,           0.0035253,           0.0047047,           0.0047047,           0.0047047
                 163,            0.025393,            0.013275,           0.0060396,             0.75212,              0.7946,              0.8246,             0.53196,            0.018719,            0.005285,           0.0032527,           0.0046718,           0.0046718,           0.0046718
                 164,            0.024295,            0.013988,           0.0072581,             0.79118,             0.82708,             0.84258,             0.56422,            0.018467,            0.004994,           0.0035017,           0.0046389,           0.0046389,           0.0046389
                 165,            0.019699,            0.013506,           0.0053278,             0.76172,             0.82647,             0.83717,             0.53428,            0.019215,           0.0051311,            0.003473,            0.004606,            0.004606,            0.004606
                 166,            0.022611,            0.012896,           0.0067642,             0.83892,             0.85586,             0.86571,             0.53968,            0.018759,           0.0049749,           0.0028022,           0.0045731,           0.0045731,           0.0045731
                 167,            0.025564,            0.012636,             0.00871,             0.85507,              0.7837,             0.86852,             0.59025,            0.020733,           0.0048994,           0.0022025,           0.0045402,           0.0045402,           0.0045402
                 168,            0.022234,            0.013399,            0.005426,             0.79907,             0.82773,             0.85092,             0.57725,             0.01982,           0.0047888,           0.0025245,           0.0045073,           0.0045073,           0.0045073
                 169,            0.027808,            0.013847,           0.0084806,             0.70337,             0.80388,              0.8011,             0.49185,            0.021018,           0.0053612,           0.0039354,           0.0044744,           0.0044744,           0.0044744
                 170,            0.023451,            0.013184,           0.0091461,             0.83154,             0.82696,             0.88713,             0.57819,             0.01962,           0.0048194,           0.0019714,           0.0044415,           0.0044415,           0.0044415
                 171,            0.022781,            0.013169,           0.0066558,             0.83981,             0.77675,             0.86191,             0.54218,            0.020967,           0.0049543,           0.0024765,           0.0044086,           0.0044086,           0.0044086
                 172,            0.025817,            0.013407,           0.0049964,             0.82017,             0.80628,             0.86618,             0.53542,            0.020886,           0.0050008,           0.0025717,           0.0043757,           0.0043757,           0.0043757
                 173,            0.023037,            0.012725,            0.006554,             0.83158,             0.84292,             0.85449,             0.54087,            0.021896,           0.0048191,           0.0029938,           0.0043429,           0.0043429,           0.0043429
                 174,            0.023478,            0.012975,           0.0067466,             0.83589,             0.82537,             0.83922,             0.52208,            0.021783,           0.0047837,           0.0036036,             0.00431,             0.00431,             0.00431
                 175,            0.023401,            0.012317,           0.0046671,             0.80702,             0.86762,             0.84883,             0.53078,            0.019271,           0.0047722,           0.0033695,           0.0042771,           0.0042771,           0.0042771
                 176,            0.023621,             0.01277,           0.0066624,             0.84999,             0.84493,             0.84954,             0.54202,             0.01937,           0.0047448,           0.0029812,           0.0042442,           0.0042442,           0.0042442
                 177,             0.02437,            0.013514,           0.0086284,             0.82671,             0.84555,             0.84129,             0.55275,            0.019003,           0.0047372,           0.0032583,           0.0042113,           0.0042113,           0.0042113
                 178,            0.027093,            0.013202,           0.0084528,             0.86318,             0.82193,             0.85785,             0.55068,            0.019374,           0.0048757,           0.0031072,           0.0041784,           0.0041784,           0.0041784
                 179,            0.023115,            0.014128,           0.0084969,             0.78547,             0.83673,             0.82882,             0.54092,            0.020678,           0.0049381,           0.0029442,           0.0041455,           0.0041455,           0.0041455
                 180,            0.019712,            0.012665,           0.0064708,             0.82513,             0.84318,             0.86214,             0.57512,            0.019476,           0.0047083,           0.0026068,           0.0041126,           0.0041126,           0.0041126
                 181,            0.023987,            0.013137,           0.0083752,             0.83782,             0.82606,             0.87373,             0.57629,            0.019292,            0.004599,           0.0024461,           0.0040797,           0.0040797,           0.0040797
                 182,            0.024988,            0.014047,           0.0065266,              0.8182,             0.85106,             0.86292,              0.5607,            0.018712,           0.0047133,           0.0020082,           0.0040468,           0.0040468,           0.0040468
                 183,            0.022461,             0.01359,           0.0053866,             0.79515,             0.89685,             0.88422,             0.57365,            0.018398,           0.0046533,           0.0018887,            0.004014,            0.004014,            0.004014
                 184,            0.021433,            0.013569,           0.0061391,             0.85579,             0.84867,             0.89418,             0.58155,            0.019958,           0.0047087,           0.0019011,           0.0039811,           0.0039811,           0.0039811
                 185,            0.028087,            0.013336,           0.0063107,             0.83597,              0.7808,             0.82599,             0.51959,            0.019186,           0.0048204,           0.0027806,           0.0039482,           0.0039482,           0.0039482
                 186,            0.024908,            0.013489,           0.0053698,             0.86146,             0.79683,             0.87152,             0.56911,            0.018097,            0.004529,           0.0027261,           0.0039153,           0.0039153,           0.0039153
                 187,            0.020657,            0.013035,           0.0061776,             0.83553,             0.80725,             0.87487,             0.58771,            0.019309,           0.0045018,           0.0026203,           0.0038824,           0.0038824,           0.0038824
                 188,            0.020917,            0.012508,           0.0059584,             0.79468,             0.86135,             0.88116,              0.5797,            0.020233,           0.0045111,           0.0019792,           0.0038495,           0.0038495,           0.0038495
                 189,            0.020809,            0.012411,           0.0070133,             0.80214,             0.86158,             0.87056,             0.57793,            0.019164,           0.0043641,           0.0019855,           0.0038166,           0.0038166,           0.0038166
                 190,            0.022538,            0.013199,           0.0057594,             0.85408,              0.8433,             0.87566,             0.59143,            0.020034,           0.0042962,           0.0019081,           0.0037837,           0.0037837,           0.0037837
                 191,            0.022029,            0.013315,           0.0057806,             0.79617,              0.8393,             0.84541,             0.57451,            0.020509,           0.0045832,           0.0023247,           0.0037508,           0.0037508,           0.0037508
                 192,             0.02306,            0.013026,            0.006351,             0.83827,             0.86426,             0.84988,             0.56685,            0.020479,           0.0044547,           0.0020285,           0.0037179,           0.0037179,           0.0037179
                 193,            0.018391,            0.011802,           0.0058103,             0.85502,             0.82828,             0.87077,             0.56743,            0.019113,           0.0045354,           0.0024762,            0.003685,            0.003685,            0.003685
                 194,            0.022504,            0.013837,           0.0047223,             0.81738,             0.86717,             0.86172,             0.56897,            0.020081,           0.0045108,           0.0025086,           0.0036522,           0.0036522,           0.0036522
                 195,            0.018337,              0.0121,           0.0053783,               0.863,             0.82894,             0.86479,             0.60423,            0.018997,           0.0044812,           0.0020465,           0.0036193,           0.0036193,           0.0036193
                 196,            0.021877,            0.011857,           0.0067887,             0.84194,             0.88767,             0.89456,             0.60349,            0.018416,           0.0046776,           0.0014399,           0.0035864,           0.0035864,           0.0035864
                 197,            0.026187,            0.013609,            0.010114,             0.83289,             0.84811,             0.86741,             0.60932,            0.017907,           0.0046632,           0.0018371,           0.0035535,           0.0035535,           0.0035535
                 198,            0.019713,            0.012432,           0.0060701,             0.83965,             0.82883,             0.85633,             0.58331,            0.018675,           0.0046495,           0.0019656,           0.0035206,           0.0035206,           0.0035206
                 199,            0.023108,            0.012296,           0.0049505,             0.76093,             0.84185,             0.83021,             0.56644,            0.018977,            0.004749,           0.0025353,           0.0034877,           0.0034877,           0.0034877
                 200,            0.021198,            0.013553,           0.0052903,             0.81803,             0.89328,             0.87197,             0.60188,            0.018385,           0.0046838,           0.0016878,           0.0034548,           0.0034548,           0.0034548
                 201,            0.020792,            0.012134,           0.0045409,             0.79817,             0.87627,             0.86251,             0.57426,            0.019016,           0.0047241,           0.0018301,           0.0034219,           0.0034219,           0.0034219
                 202,            0.021955,            0.012661,           0.0069414,             0.78803,             0.84669,             0.85428,             0.57936,              0.0189,           0.0046769,           0.0022872,            0.003389,            0.003389,            0.003389
                 203,            0.020233,            0.011978,           0.0042472,             0.82757,             0.85065,              0.8644,             0.58356,            0.021208,           0.0044767,           0.0021145,           0.0033561,           0.0033561,           0.0033561
                 204,             0.01699,            0.011476,           0.0058202,             0.80878,             0.84141,             0.85874,             0.57688,            0.020705,           0.0045248,           0.0023104,           0.0033233,           0.0033233,           0.0033233
                 205,            0.023401,            0.013656,            0.005982,             0.84026,             0.85692,             0.87862,             0.57642,            0.017953,            0.004642,           0.0025469,           0.0032904,           0.0032904,           0.0032904
                 206,            0.024686,            0.012678,           0.0061148,             0.79333,             0.79977,              0.8556,             0.55947,            0.018737,           0.0046057,           0.0025939,           0.0032575,           0.0032575,           0.0032575
                 207,            0.020082,            0.011664,           0.0052042,             0.78332,             0.87075,             0.87796,              0.5894,            0.018446,           0.0044297,           0.0017703,           0.0032246,           0.0032246,           0.0032246
                 208,            0.020465,            0.012388,            0.005276,             0.83564,             0.82175,              0.8621,             0.58323,            0.019256,           0.0046514,           0.0018148,           0.0031917,           0.0031917,           0.0031917
                 209,            0.021984,            0.012278,           0.0067943,             0.86161,              0.8382,             0.89437,             0.61256,            0.016729,           0.0046485,           0.0016437,           0.0031588,           0.0031588,           0.0031588
                 210,            0.019782,            0.012305,           0.0039312,             0.87035,             0.84601,             0.86048,             0.58441,             0.01751,           0.0047867,           0.0021516,           0.0031259,           0.0031259,           0.0031259
                 211,            0.017629,            0.011388,           0.0062074,             0.86739,             0.82754,              0.8711,             0.58881,            0.018131,           0.0048582,           0.0027757,            0.003093,            0.003093,            0.003093
                 212,             0.01746,            0.011555,           0.0055615,             0.89248,             0.78826,             0.86843,             0.59084,            0.018663,           0.0048385,           0.0027883,           0.0030601,           0.0030601,           0.0030601
                 213,            0.019725,            0.012269,           0.0049615,             0.85915,             0.83291,             0.87053,             0.57858,            0.018305,           0.0047422,           0.0026377,           0.0030272,           0.0030272,           0.0030272
                 214,             0.02278,            0.012817,           0.0071686,             0.81875,             0.85581,               0.866,              0.5621,            0.018595,           0.0047163,           0.0028168,           0.0029944,           0.0029944,           0.0029944
                 215,            0.019689,             0.01236,           0.0056856,             0.84879,             0.83794,              0.8563,             0.60017,             0.01757,           0.0046751,           0.0023823,           0.0029615,           0.0029615,           0.0029615
                 216,            0.022335,            0.012775,           0.0054798,             0.85663,             0.80568,             0.84637,             0.58472,              0.0177,           0.0048046,             0.00242,           0.0029286,           0.0029286,           0.0029286
                 217,            0.019011,            0.012054,           0.0040821,             0.84977,             0.81345,             0.84707,             0.57647,            0.018287,           0.0048153,           0.0023094,           0.0028957,           0.0028957,           0.0028957
                 218,            0.018939,             0.01242,           0.0049242,             0.81817,             0.85904,             0.85311,             0.58533,            0.018635,           0.0048666,           0.0022817,           0.0028628,           0.0028628,           0.0028628
                 219,            0.020274,            0.012646,           0.0055327,             0.81521,             0.84395,             0.85588,             0.59098,            0.019246,           0.0048824,           0.0021194,           0.0028299,           0.0028299,           0.0028299
                 220,            0.019282,            0.011515,           0.0076189,             0.83058,             0.83016,             0.85706,             0.59405,            0.019294,            0.005029,             0.00238,            0.002797,            0.002797,            0.002797
                 221,            0.017994,            0.011238,           0.0036322,             0.82068,             0.86567,             0.84826,             0.59179,            0.018207,           0.0051179,           0.0026451,           0.0027641,           0.0027641,           0.0027641
                 222,            0.020367,            0.012439,           0.0032638,             0.83758,             0.86662,             0.85893,             0.59213,            0.018145,           0.0049324,           0.0025597,           0.0027312,           0.0027312,           0.0027312
                 223,            0.019337,            0.012344,           0.0059016,             0.86411,             0.86364,             0.86694,             0.60669,            0.018417,           0.0046936,           0.0025446,           0.0026983,           0.0026983,           0.0026983
                 224,            0.021941,            0.011962,           0.0064478,             0.86366,              0.8622,             0.88962,             0.61565,            0.018336,           0.0046429,            0.002324,           0.0026654,           0.0026654,           0.0026654
                 225,            0.019892,            0.012458,           0.0087692,             0.86927,             0.84353,             0.89787,             0.60912,            0.019242,           0.0045714,           0.0023796,           0.0026326,           0.0026326,           0.0026326
                 226,            0.020142,            0.012659,           0.0064042,             0.84223,             0.87338,             0.86547,             0.58688,            0.018422,           0.0046763,            0.002592,           0.0025997,           0.0025997,           0.0025997
                 227,            0.017724,            0.011301,           0.0074474,             0.84938,             0.87747,             0.87291,             0.59215,            0.018833,           0.0048015,           0.0025544,           0.0025668,           0.0025668,           0.0025668
                 228,            0.021127,            0.011528,           0.0037574,             0.85606,               0.842,             0.87656,             0.60161,            0.017696,           0.0049207,           0.0022784,           0.0025339,           0.0025339,           0.0025339
                 229,            0.021698,            0.012085,           0.0047474,             0.83514,             0.84104,             0.85008,             0.57994,            0.018644,           0.0048506,           0.0023776,            0.002501,            0.002501,            0.002501
                 230,            0.019306,            0.012289,           0.0050718,             0.83701,             0.85425,             0.87493,              0.5914,            0.017616,           0.0047365,           0.0019037,           0.0024681,           0.0024681,           0.0024681
                 231,            0.020385,            0.012237,           0.0052577,             0.82895,             0.84755,             0.87472,             0.58468,            0.018179,           0.0048868,           0.0019754,           0.0024352,           0.0024352,           0.0024352
                 232,            0.019132,            0.012602,           0.0042746,             0.78646,             0.86313,             0.87197,             0.57584,            0.018273,           0.0050772,           0.0020178,           0.0024023,           0.0024023,           0.0024023
                 233,               0.023,            0.012091,           0.0050898,             0.78477,             0.86174,             0.85153,              0.5694,            0.018939,           0.0050722,           0.0022255,           0.0023694,           0.0023694,           0.0023694
                 234,            0.018612,            0.010789,            0.005468,             0.83055,             0.81401,             0.84297,             0.58544,             0.01829,           0.0051577,           0.0019546,           0.0023365,           0.0023365,           0.0023365
                 235,            0.024838,             0.01169,            0.005128,             0.81948,             0.84626,             0.85739,             0.57639,             0.01894,           0.0052537,           0.0019346,           0.0023037,           0.0023037,           0.0023037
                 236,            0.020305,            0.011588,           0.0037328,             0.78828,             0.84265,             0.85577,             0.57465,            0.018676,           0.0051538,           0.0020927,           0.0022708,           0.0022708,           0.0022708
                 237,            0.020001,            0.011139,           0.0056623,              0.8315,             0.80759,             0.85054,             0.56056,            0.019592,           0.0050805,           0.0025099,           0.0022379,           0.0022379,           0.0022379
                 238,             0.01712,             0.01194,           0.0046205,             0.83454,             0.83655,              0.8554,             0.57812,            0.019878,           0.0050174,           0.0027097,            0.002205,            0.002205,            0.002205
                 239,            0.020776,            0.012212,           0.0036151,             0.80415,             0.84312,             0.84665,              0.5748,            0.019315,           0.0049877,           0.0026549,           0.0021721,           0.0021721,           0.0021721
                 240,              0.0171,            0.012113,            0.005839,             0.84423,             0.81155,             0.83129,             0.55432,            0.018835,           0.0050639,           0.0028914,           0.0021392,           0.0021392,           0.0021392
                 241,            0.017669,            0.012074,            0.004272,             0.82101,             0.79684,             0.81343,              0.5642,            0.019297,           0.0050528,           0.0030429,           0.0021063,           0.0021063,           0.0021063
                 242,            0.018358,            0.011368,           0.0038686,             0.77015,             0.85128,             0.83848,              0.5668,            0.019126,           0.0052981,           0.0027652,           0.0020734,           0.0020734,           0.0020734
                 243,            0.015724,            0.011325,            0.004298,             0.83541,              0.7975,             0.85599,             0.59383,            0.018578,           0.0051806,           0.0022559,           0.0020405,           0.0020405,           0.0020405
                 244,            0.019001,            0.010801,           0.0060888,             0.84139,             0.80053,             0.86785,             0.60392,            0.017373,           0.0049609,           0.0022858,           0.0020076,           0.0020076,           0.0020076
                 245,            0.017896,            0.012569,           0.0034191,             0.85231,              0.8044,             0.85096,             0.60421,            0.018363,           0.0049012,           0.0024146,           0.0019748,           0.0019748,           0.0019748
                 246,            0.018931,            0.012223,           0.0035102,             0.81634,             0.86328,             0.86464,             0.61058,            0.018333,           0.0048103,           0.0017289,           0.0019419,           0.0019419,           0.0019419
                 247,             0.01651,            0.011232,           0.0033056,             0.81666,             0.86578,             0.86557,             0.62205,            0.017239,           0.0049262,           0.0017258,            0.001909,            0.001909,            0.001909
                 248,            0.016664,            0.010961,           0.0036141,             0.86812,             0.81363,             0.86348,              0.6015,            0.018086,           0.0050888,           0.0017296,           0.0018761,           0.0018761,           0.0018761
                 249,            0.017923,            0.011656,           0.0049937,             0.87316,             0.81243,             0.87238,             0.60496,            0.017736,           0.0052213,           0.0018158,           0.0018432,           0.0018432,           0.0018432
                 250,             0.01699,             0.01157,           0.0053879,             0.82383,             0.86225,              0.8729,             0.58192,             0.01752,           0.0052485,           0.0019813,           0.0018103,           0.0018103,           0.0018103
                 251,            0.017433,            0.011605,           0.0040647,             0.87185,             0.81396,             0.87377,              0.6008,            0.017163,           0.0051216,           0.0019421,           0.0017774,           0.0017774,           0.0017774
                 252,            0.022479,            0.012049,            0.003471,             0.83954,             0.81476,             0.86096,             0.61012,            0.017328,           0.0049756,           0.0019401,           0.0017445,           0.0017445,           0.0017445
                 253,            0.017291,            0.010399,           0.0029514,             0.86748,             0.82849,             0.86311,              0.5932,            0.018246,             0.00514,           0.0020729,           0.0017116,           0.0017116,           0.0017116
                 254,            0.019123,            0.011078,           0.0050338,             0.79796,             0.82652,             0.85308,              0.5778,            0.018176,           0.0050465,           0.0020162,           0.0016787,           0.0016787,           0.0016787
                 255,            0.018302,            0.011655,           0.0039118,             0.81477,             0.89777,             0.88063,             0.58091,             0.01833,           0.0050488,           0.0023297,           0.0016458,           0.0016458,           0.0016458
                 256,            0.020577,            0.012129,           0.0043531,             0.81665,             0.84306,             0.86128,             0.58944,            0.017967,           0.0050749,           0.0024923,            0.001613,            0.001613,            0.001613
                 257,            0.018068,            0.011599,           0.0042906,             0.84434,             0.86718,             0.88522,              0.5982,            0.017886,           0.0049923,           0.0023036,           0.0015801,           0.0015801,           0.0015801
                 258,            0.018231,            0.011887,           0.0032845,             0.81763,             0.87451,             0.86961,             0.60857,            0.017957,           0.0050503,           0.0023291,           0.0015472,           0.0015472,           0.0015472
                 259,            0.016068,            0.010474,           0.0029992,              0.8438,                0.89,              0.8701,             0.59637,            0.018077,             0.00498,            0.002021,           0.0015143,           0.0015143,           0.0015143
                 260,            0.018949,             0.01296,           0.0032362,             0.85493,             0.89055,             0.87827,             0.58322,            0.017723,           0.0050709,           0.0020231,           0.0014814,           0.0014814,           0.0014814
                 261,            0.019505,            0.011859,           0.0035321,             0.84254,             0.85084,             0.86963,             0.57582,            0.018282,           0.0050717,           0.0019694,           0.0014485,           0.0014485,           0.0014485
                 262,            0.019512,            0.011291,           0.0038936,             0.84666,             0.86286,             0.87429,             0.58605,            0.018762,           0.0050275,           0.0017853,           0.0014156,           0.0014156,           0.0014156
                 263,            0.019237,            0.011481,           0.0034305,             0.81636,             0.86128,             0.85901,             0.58537,             0.01871,           0.0050543,            0.001798,           0.0013827,           0.0013827,           0.0013827
                 264,            0.017377,            0.011176,           0.0037427,             0.84618,             0.85112,             0.86813,             0.59209,            0.018552,           0.0050078,           0.0016754,           0.0013498,           0.0013498,           0.0013498
                 265,            0.018178,            0.011533,           0.0029554,             0.83268,             0.85287,             0.86772,             0.58946,            0.018575,           0.0049918,           0.0015962,           0.0013169,           0.0013169,           0.0013169
                 266,            0.019017,            0.011081,           0.0040707,             0.83745,             0.87535,             0.88211,             0.60393,            0.018699,           0.0050063,           0.0015608,           0.0012841,           0.0012841,           0.0012841
                 267,            0.016787,            0.010841,           0.0034063,              0.8215,             0.88968,              0.8648,              0.6118,             0.01895,           0.0050482,           0.0016207,           0.0012512,           0.0012512,           0.0012512
                 268,            0.017786,            0.011172,           0.0044203,             0.84784,             0.88854,             0.86608,             0.59875,            0.017818,             0.00509,           0.0017658,           0.0012183,           0.0012183,           0.0012183
                 269,            0.016286,            0.010787,           0.0047586,             0.81785,             0.86107,             0.85367,             0.60031,            0.017461,           0.0050887,           0.0020405,           0.0011854,           0.0011854,           0.0011854
                 270,            0.018694,            0.011151,           0.0070142,             0.85205,             0.84541,             0.86258,             0.59503,            0.017809,            0.005125,           0.0020389,           0.0011525,           0.0011525,           0.0011525
                 271,            0.018976,             0.01155,           0.0023219,             0.87319,             0.85638,             0.87663,             0.61009,            0.017687,           0.0050877,           0.0018581,           0.0011196,           0.0011196,           0.0011196
                 272,            0.017572,             0.01009,           0.0032361,             0.85325,             0.87845,             0.88076,             0.59493,            0.017826,           0.0051475,            0.001867,           0.0010867,           0.0010867,           0.0010867
                 273,             0.01692,            0.011097,           0.0028081,             0.86483,             0.90404,             0.87917,             0.59119,            0.018047,           0.0050909,           0.0019772,           0.0010538,           0.0010538,           0.0010538
                 274,            0.015845,            0.011602,           0.0029414,             0.84207,             0.87371,             0.87508,             0.60828,            0.018374,           0.0049559,           0.0022165,           0.0010209,           0.0010209,           0.0010209
                 275,            0.016217,             0.01089,           0.0044698,             0.84118,              0.8765,             0.87802,             0.60736,            0.018588,           0.0049199,            0.002156,          0.00098804,          0.00098804,          0.00098804
                 276,             0.01544,            0.010226,           0.0041445,             0.85893,             0.87238,             0.88233,             0.60067,            0.018459,           0.0049005,            0.002006,          0.00095515,          0.00095515,          0.00095515
                 277,             0.01661,             0.01072,           0.0031451,             0.80731,             0.90918,             0.87662,             0.59642,            0.018289,            0.004914,           0.0020757,          0.00092226,          0.00092226,          0.00092226
                 278,            0.018449,            0.011447,           0.0034209,             0.85076,             0.85563,             0.87222,             0.60528,            0.018289,           0.0049106,           0.0022923,          0.00088937,          0.00088937,          0.00088937
                 279,            0.016706,            0.011305,           0.0043829,             0.85368,             0.85028,             0.86985,             0.60287,             0.01857,           0.0049365,           0.0023056,          0.00085648,          0.00085648,          0.00085648
                 280,            0.016906,            0.010752,           0.0057576,             0.86445,             0.85885,              0.8754,             0.60495,            0.018458,            0.004987,           0.0022595,          0.00082359,          0.00082359,          0.00082359
                 281,            0.018937,            0.010838,            0.002822,             0.84832,             0.85467,             0.85912,             0.59629,            0.018388,           0.0050797,           0.0022445,           0.0007907,           0.0007907,           0.0007907
                 282,             0.01891,            0.011327,           0.0049366,             0.85279,             0.86698,             0.86915,             0.59393,            0.018441,           0.0051067,           0.0023147,          0.00075781,          0.00075781,          0.00075781
                 283,            0.015085,            0.010912,           0.0040515,             0.83018,             0.87359,             0.86315,             0.59312,            0.018748,           0.0050957,           0.0022794,          0.00072492,          0.00072492,          0.00072492
                 284,            0.019516,            0.010664,           0.0024451,             0.84928,             0.90901,             0.87608,              0.5967,            0.018708,            0.005039,           0.0021863,          0.00069203,          0.00069203,          0.00069203
                 285,            0.014054,             0.01008,           0.0027599,             0.83947,             0.88475,             0.86865,             0.60016,            0.018301,           0.0049611,            0.002058,          0.00065914,          0.00065914,          0.00065914
                 286,            0.015429,             0.01041,           0.0051606,             0.84571,             0.88105,             0.85709,             0.60545,             0.01814,           0.0049567,           0.0020139,          0.00062625,          0.00062625,          0.00062625
                 287,            0.018876,            0.011044,           0.0031061,             0.84562,             0.89436,             0.87324,             0.61329,            0.018159,           0.0049623,           0.0021918,          0.00059336,          0.00059336,          0.00059336
                 288,            0.016814,            0.010894,           0.0025723,             0.84443,             0.87704,             0.86799,              0.6022,            0.018387,           0.0049217,           0.0022787,          0.00056047,          0.00056047,          0.00056047
                 289,            0.015605,            0.011001,           0.0044107,              0.8399,             0.86469,             0.86278,             0.60714,            0.018258,           0.0048934,            0.002166,          0.00052757,          0.00052757,          0.00052757
                 290,            0.015415,            0.010525,            0.003094,             0.84669,             0.88272,             0.87144,             0.60529,            0.018114,           0.0048996,           0.0021929,          0.00049468,          0.00049468,          0.00049468
                 291,            0.014394,            0.010526,           0.0031717,             0.82942,             0.87389,             0.85982,             0.60975,            0.018315,           0.0049041,           0.0021502,          0.00046179,          0.00046179,          0.00046179
                 292,            0.018142,            0.010903,           0.0054194,             0.83597,             0.85935,             0.86108,             0.60017,            0.018448,           0.0049486,           0.0021765,           0.0004289,           0.0004289,           0.0004289
                 293,            0.016853,            0.010731,           0.0022435,             0.83918,             0.86816,             0.87105,              0.5948,            0.018658,           0.0050181,           0.0021072,          0.00039601,          0.00039601,          0.00039601
                 294,            0.017137,            0.010835,           0.0050491,             0.82825,             0.86049,             0.85692,             0.59245,            0.018721,           0.0050209,           0.0021293,          0.00036312,          0.00036312,          0.00036312
                 295,            0.018356,            0.012117,           0.0038073,             0.81786,             0.87021,             0.85702,             0.59542,            0.018658,           0.0050236,           0.0021135,          0.00033023,          0.00033023,          0.00033023
                 296,            0.014278,            0.010088,           0.0037326,             0.82714,             0.87884,             0.85989,             0.59998,            0.018644,           0.0050071,           0.0020993,          0.00029734,          0.00029734,          0.00029734
                 297,            0.018143,            0.011376,           0.0025972,             0.81673,             0.88247,             0.85755,             0.60432,            0.018713,           0.0050141,           0.0021156,          0.00026445,          0.00026445,          0.00026445
                 298,            0.015484,            0.010277,           0.0053644,             0.82413,             0.88009,             0.85745,             0.60471,             0.01873,           0.0050139,           0.0021073,          0.00023156,          0.00023156,          0.00023156
                 299,            0.016107,             0.01067,           0.0028471,             0.83875,             0.89293,             0.87109,             0.61421,            0.018607,           0.0049736,           0.0020427,          0.00019867,          0.00019867,          0.00019867
                 300,            0.017314,            0.010506,           0.0036032,             0.84156,             0.89516,             0.87411,             0.60935,             0.01841,           0.0049595,           0.0020288,          0.00016578,          0.00016578,          0.00016578
